{"cameraMode":{"drawMode":0,"name":"Shaded","section":"Shading Mode"},"sceneLighting":true,"audioPlay":false,"sceneViewState":{"showFog":false,"showMaterialUpdate":false,"showSkybox":true,"showFlares":false,"showImageEffects":false,"showParticleSystems":false},"in2DMode":false,"pivot":{"x":-14.547090530395508,"y":6.254380226135254,"z":62.13095474243164},"rotation":{"x":0.007368600461632013,"y":-0.7123510241508484,"z":0.007479962892830372,"w":0.7017452120780945},"size":20.295753479003908,"orthographic":false}